[{"sort": 0, "ps": "\u4e8b\u4ef6\u578b\u9632\u7be1\u6539\u7a0b\u5e8f,\u53ef\u6709\u6548\u4fdd\u62a4\u7f51\u7ad9\u91cd\u8981\u6587\u4ef6\u4e0d\u88ab\u6728\u9a6c\u7be1\u6539", "shell": "tamper_proof.sh", "name": "tamper_proof", "title": "\u7f51\u7ad9\u9632\u7be1\u6539\u7a0b\u5e8f", "default": false, "pid": 33, "price": 37.799999999999997, "versions": "1.3", "tip": "lib", "id": 4, "display": 0, "author": "\u5b9d\u5854", "date": "2018-05-21", "home": "http://www.bt.cn/bbs", "type": "\u5b9d\u5854\u63d2\u4ef6", "checks": "/www/server/panel/plugin/tamper_proof/tamper_proof_service.py", "product_id": "100000015"}, {"sort": 0, "ps": "\u5b9e\u65f6\u7cbe\u786e\u7edf\u8ba1\u7f51\u7ad9\u6d41\u91cf\u3001ip\u3001uv\u3001pv\u3001\u8bf7\u6c42\u3001\u8718\u86db\u7b49\u6570\u636e", "shell": "total.sh", "name": "total", "title": "\u7f51\u7ad9\u76d1\u63a7\u62a5\u8868", "default": false, "pid": 33, "price": 19.800000000000001, "versions": "1.5", "tip": "lib", "id": 4, "display": 0, "author": "\u5b9d\u5854", "date": "2018-05-21", "home": "http://www.bt.cn/bbs", "type": "\u5b9d\u5854\u63d2\u4ef6", "checks": "/www/server/panel/plugin/total", "product_id": "100000014"}, {"sort": 0, "ps": "\u6709\u6548\u9632\u6b62sql\u6ce8\u5165/xss/\u4e00\u53e5\u8bdd\u6728\u9a6c\u7b49\u5e38\u89c1\u6e17\u900f\u653b\u51fb,\u5f53\u524d\u4ec5\u652f\u6301Apache2.4<a href=\"https://www.bt.cn/bbs/thread-13647-1-1.html\" target=\"_blank\" class=\"btlink\"> >>\u4f7f\u7528\u5e2e\u52a9</a>", "shell": "btwaf_httpd.sh", "name": "btwaf_httpd", "title": "Apache\u9632\u706b\u5899", "default": false, "pid": 33, "price": 19.800000000000001, "versions": "1.0", "tip": "lib", "id": 4, "display": 0, "author": "\u5b9d\u5854", "date": "2018-05-21", "home": "http://www.bt.cn/bbs", "type": "\u5b9d\u5854\u63d2\u4ef6", "checks": "/www/server/panel/plugin/btwaf_httpd", "product_id": "100000012"}, {"sort": 0, "ps": "\u6709\u6548\u9632\u6b62sql\u6ce8\u5165/xss/\u4e00\u53e5\u8bdd\u6728\u9a6c\u7b49\u5e38\u89c1\u6e17\u900f\u653b\u51fb,\u5f53\u524d\u4ec5\u652f\u6301nginx<a href=\"https://www.bt.cn/bbs/thread-13647-1-1.html\" target=\"_blank\" class=\"btlink\"> >>\u4f7f\u7528\u5e2e\u52a9</a>", "shell": "btwaf.sh", "name": "btwaf", "title": "Nginx\u9632\u706b\u5899", "default": false, "pid": 31, "price": 19.800000000000001, "versions": "2.3", "tip": "lib", "id": 4, "display": 0, "author": "\u5b9d\u5854", "date": "2018-05-21", "home": "http://www.bt.cn/bbs", "type": "\u5b9d\u5854\u63d2\u4ef6", "checks": "/www/server/panel/plugin/btwaf", "product_id": "100000010"}, {"sort": 0, "ps": "\u57fa\u4e8enginx\u7684\u8d1f\u8f7d\u5747\u8861\uff0c04/25\u65e5\u524d\u5b89\u88c5\u7684\u9762\u677f\uff0c\u9700\u91cd\u88c5nginx\u65b9\u53ef\u6b63\u5e38\u4f7f\u7528<a href=\"https://www.bt.cn/bbs/thread-13074-1-1.html\" target=\"_blank\" class=\"btlink\"> >>\u4f7f\u7528\u5e2e\u52a9</a>", "shell": "load_leveling.sh", "name": "load_leveling", "title": "\u5b9d\u5854\u8d1f\u8f7d\u5747\u8861", "default": false, "pid": 30, "price": 19.800000000000001, "versions": "1.1", "tip": "lib", "id": 4, "display": 0, "author": "\u5b9d\u5854", "date": "2018-05-02", "home": "http://www.bt.cn/bbs", "type": "\u5b9d\u5854\u63d2\u4ef6", "checks": "/www/server/panel/plugin/load_leveling", "product_id": "100000009"}, {"sort": 0, "ps": "\u8f7b\u677e\u5b9e\u73b0MySQL\u4e3b\u4ece\u590d\u5236\u3001\u4e3b\u4e3b\u590d\u5236<a href=\"https://www.bt.cn/bbs/thread-13090-1-1.html\" target=\"_blank\" class=\"btlink\"> >>\u4f7f\u7528\u5e2e\u52a9</a>", "shell": "masterslave.sh", "name": "masterslave", "title": "MySQL\u4e3b\u4ece\u590d\u5236", "default": false, "pid": 29, "price": 4.7999999999999998, "versions": "1.1", "tip": "lib", "id": 4, "display": 0, "author": "\u5b9d\u5854", "date": "2018-04-26", "home": "http://www.bt.cn/bbs", "type": "\u5b9d\u5854\u63d2\u4ef6", "checks": "/www/server/panel/plugin/masterslave", "product_id": "100000008"}, {"sort": 0, "ps": "\u8f7b\u677e\u7ba1\u7406\u8fdb\u7a0b\u3001\u542f\u52a8\u9879\u3001\u7528\u6237\u3001\u670d\u52a1\u3001\u8ba1\u5212\u4efb\u52a1\u3001\u4f1a\u8bdd<a href=\"https://www.bt.cn/bbs/thread-12682-1-1.html\" target=\"_blank\" class=\"btlink\"> >>\u4f7f\u7528\u5e2e\u52a9</a>", "shell": "task_manager.sh", "name": "task_manager", "title": "\u5b9d\u5854\u4efb\u52a1\u7ba1\u7406\u5668", "default": false, "pid": 28, "price": 9.8000000000000007, "versions": "1.2", "tip": "lib", "id": 4, "display": 0, "author": "\u5b9d\u5854", "date": "2018-04-18", "home": "http://www.bt.cn/bbs", "type": "\u5b9d\u5854\u63d2\u4ef6", "checks": "/www/server/panel/plugin/task_manager", "product_id": "100000007"}, {"sort": 0, "ps": "\u5b9d\u5854\u5c0f\u7a0b\u5e8f\u63d0\u4f9b\u670d\u52a1\u5668\u76d1\u63a7\u53ca\u5b89\u5168\u626b\u7801\u767b\u5f55\u9762\u677f<span class=\"color-red\"> (\u9996\u67081\u5143/\u53f0)</span><a href=\"https://www.bt.cn/bbs/thread-12427-1-1.html\" target=\"_blank\" class=\"btlink\"> >>\u4f7f\u7528\u5e2e\u52a9</a>", "shell": "app.sh", "name": "app", "title": "\u5fae\u4fe1\u5c0f\u7a0b\u5e8f", "default": false, "pid": 27, "price": 4.7999999999999998, "versions": "1.8", "tip": "lib", "id": 4, "display": 0, "author": "\u5b9d\u5854", "date": "2018-04-08", "home": "http://www.bt.cn/bbs", "type": "\u5b9d\u5854\u63d2\u4ef6", "checks": "/www/server/panel/plugin/app", "product_id": "100000001"}, {"sort": 0, "ps": "\u57fa\u4e8ersync\u5f00\u53d1\u7684\u6570\u636e\u540c\u6b65\u5de5\u5177 <a href=\"https://www.bt.cn/bbs/thread-11231-1-1.html\" target=\"_blank\" class=\"btlink\"> >>\u4f7f\u7528\u5e2e\u52a9</a>", "shell": "rsync.sh", "name": "rsync", "title": "\u5b9d\u5854\u6570\u636e\u540c\u6b65\u5de5\u5177", "default": false, "pid": 26, "price": 4.7999999999999998, "versions": "2.3", "tip": "lib", "id": 4, "display": 0, "author": "\u5b9d\u5854", "date": "2018-02-28", "home": "http://www.bt.cn/bbs", "type": "\u5b9d\u5854\u63d2\u4ef6", "checks": "/www/server/panel/plugin/rsync", "product_id": "100000005"}, {"sort": 1, "ps": "\u8f7b\u91cf\u7ea7\uff0c\u5360\u6709\u5185\u5b58\u5c11\uff0c\u5e76\u53d1\u80fd\u529b\u5f3a", "shell": "nginx.sh", "name": "nginx", "title": "Nginx", "default": false, "tip": "soft", "price": 0, "versions": "1.14,1.12,1.8,1.15,-Tengine2.2,openresty", "pid": 1, "update": "1.14.0,1.12.2,1.8.1,1.15.3,-Tengine2.2.2,openresty", "display": 1, "id": 1, "author": "nginx.org", "date": "2017-04-01", "home": "https://www.nginx.org", "type": "Web\u670d\u52a1\u5668", "checks": "/www/server/nginx/sbin/nginx"}, {"sort": 2, "ps": " \u4e16\u754c\u6392\u540d\u7b2c\u4e00\uff0c\u5feb\u901f\u3001\u53ef\u9760\u5e76\u4e14\u53ef\u901a\u8fc7\u7b80\u5355\u7684API\u6269\u5145", "shell": "httpd.sh", "name": "apache", "title": "Apache", "default": false, "tip": "soft", "price": 0, "versions": "2.4,2.2", "pid": 2, "update": "2.4.34,2.2.34", "display": 1, "id": 1, "author": "APACHE", "date": "2017-04-01", "home": "http://www.apache.org", "type": "Web\u670d\u52a1\u5668", "checks": "/www/server/apache/bin/httpd"}, {"sort": 3, "ps": "MySQL\u662f\u4e00\u79cd\u5173\u7cfb\u6570\u636e\u5e93\u7ba1\u7406\u7cfb\u7edf!", "shell": "mysql.sh", "name": "mysql", "title": "MySQL", "default": false, "tip": "soft", "price": 0, "versions": "5.1,5.5,5.6,5.7,AliSQL,mariadb_10.0,mariadb_10.1,mariadb_10.2", "pid": 3, "update": "5.1.73,5.5.61,5.6.41,5.7.23,AliSQL 5.6.32,mariadb_10.0.35,mariadb_10.1.33,mariadb_10.2.16", "display": 1, "id": 1, "author": "Oracle", "date": "2017-04-01", "home": "https://www.mysql.com", "type": "SQL\u6570\u636e\u5e93", "checks": "/www/server/mysql/bin/mysql,/www/server/mysql/bin/mysqldump"}, {"sort": 4, "ps": "PureFTPd\u662f\u4e00\u6b3e\u4e13\u6ce8\u4e8e\u7a0b\u5e8f\u5065\u58ee\u548c\u8f6f\u4ef6\u5b89\u5168\u7684\u514d\u8d39FTP\u670d\u52a1\u5668\u8f6f\u4ef6", "shell": "pure-ftpd.sh", "name": "pure-ftpd", "title": "Pure-Ftpd", "default": false, "tip": "soft", "price": 0, "versions": "1.0.47", "pid": 4, "update": "1.0.47", "display": 1, "id": 1, "author": "Pure-Ftpd", "date": "2017-04-01", "home": "https://www.pureftpd.org", "type": "FTP\u670d\u52a1\u5668", "checks": "/www/server/pure-ftpd/bin/pure-pw"}, {"sort": 5, "ps": "\u5f00\u53d1\u548c\u8c03\u8bd5JSP\u7a0b\u5e8f\u7684\u9996\u9009", "shell": "tomcat.sh", "name": "tomcat", "title": "Tomcat", "default": false, "tip": "soft", "price": 0, "versions": "7,8,9", "pid": 5, "update": "7.0.76,8.5.12,9.0.0", "display": 1, "id": 1, "author": "APACHE", "date": "2017-04-01", "home": "https://www.apache.org", "type": "\u8bed\u8a00\u89e3\u91ca\u5668", "checks": "/www/server/tomcat/bin/catalina.sh"}, {"sort": 6, "ps": "Web\u7aefMySQL\u7ba1\u7406\u5de5\u5177", "shell": "phpmyadmin.sh", "name": "phpmyadmin", "title": "phpMyAdmin", "default": false, "tip": "soft", "price": 0, "versions": "4.0,4.4,4.6,4.7,4.8", "pid": 6, "update": "4.0,4.4,4.6,4.7,4.8", "display": 1, "id": 2, "author": "phpMyAdmin", "date": "2017-04-01", "home": "https://www.phpmyadmin.net", "type": "\u6570\u636e\u5e93\u5de5\u5177", "checks": "/www/server/phpmyadmin/version.pl"}, {"sort": 7, "ps": "PHP\u662f\u4e16\u754c\u4e0a\u6700\u597d\u7684\u7f16\u7a0b\u8bed\u8a00", "shell": "php.sh", "name": "php", "title": "PHP", "default": false, "tip": "soft", "price": 0, "versions": "5.2,5.3,5.4,5.5,5.6,7.0,7.1,7.2", "pid": 7, "update": "5.2.17,5.3.29,5.4.45,5.5.38,5.6.37,7.0.31,7.1.20,7.2.8", "display": 1, "id": 1, "author": "Zend", "date": "2017-04-01", "home": "https://www.php.net", "type": "\u8bed\u8a00\u89e3\u91ca\u5668", "checks": "/www/server/php/VERSION/bin/php"}, {"sort": 8, "ps": "\u5feb\u901f\u90e8\u7f72\u5e38\u7528\u7a0b\u5e8f!", "shell": "deployment.sh", "name": "deployment", "title": "\u5b9d\u5854\u4e00\u952e\u90e8\u7f72\u6e90\u7801", "default": false, "tip": "lib", "price": 0, "versions": "1.1", "pid": 18, "display": 1, "id": 3, "author": "\u5b9d\u5854", "date": "2017-07-26", "home": "http://www.bt.cn/bbs", "type": "\u6269\u5c55", "checks": "/www/server/panel/plugin/deployment"}, {"sort": 9, "ps": "\u4e00\u5bf9\u4e00\u6280\u672f\u670d\u52a1\uff0c\u627f\u8bfa\u5982\u89e3\u51b3\u4e0d\u597d\uff0c\u6b3e\u9879\u7acb\u5373\u5168\u989d\u539f\u8def\u9000\u56de\uff0c\u8bf7\u653e\u5fc3\u4ed8\u8d39\u540e\u54a8\u8be2\u3002", "shell": "btyw.sh", "name": "btyw", "title": "\u5b9d\u5854\u8fd0\u7ef4", "default": false, "pid": 9, "price": 0, "versions": "1.0", "tip": "lib", "checks": "/www/server/panel/plugin/btyw", "display": 1, "author": "\u5b9d\u5854", "date": "2017-10-18", "home": "https://www.bt.cn/yunwei", "type": "\u63d2\u4ef6", "id": 3}, {"sort": 9, "ps": "\u5b9d\u5854\u4f01\u4e1a\u7248\u5b89\u5168\u767b\u5f55\u63d2\u4ef6\u3002", "shell": "safelogin.sh", "name": "safelogin", "title": "\u5b9d\u5854\u5b89\u5168\u767b\u5f55", "default": false, "pid": 24, "price": 0, "versions": "1.3", "tip": "lib", "checks": "/www/server/panel/plugin/safelogin", "display": 1, "author": "\u5b9d\u5854", "date": "2017-10-18", "home": "https://www.bt.cn/yunwei", "type": "\u63d2\u4ef6", "id": 3}, {"sort": 9, "ps": "\u63d0\u4f9b200000Q/S\u7684\u57df\u540dDNS\u4e91\u89e3\u6790\u670d\u52a1", "shell": "dns.sh", "name": "dns", "title": "\u4e91\u89e3\u6790", "default": false, "pid": 25, "price": 0, "versions": "1.1", "tip": "lib", "checks": "/www/server/panel/plugin/dns", "display": 0, "author": "\u5b9d\u5854", "date": "2017-12-25", "home": "http://www.bt.cn/bbs", "type": "\u63d2\u4ef6", "id": 3}, {"sort": 10, "ps": "\u53c8\u62cd\u4e91\u5bf9\u8c61\u5b58\u50a8\uff0c\u5b9d\u5854\u7528\u6237\u9996\u6708\u514d\u8d39200G\u6d41\u91cf+\u9996\u6b21\u5145\u503c9\u6298\u4f18\u60e0<a href='https://console.upyun.com/register/?invite=B1bZJtIYb' target='_blank' class='btlink'> [\u70b9\u51fb\u7533\u8bf7]</a>", "shell": "upyun.sh", "name": "upyun", "title": "\u53c8\u62cd\u4e91\u5b58\u50a8", "default": false, "pid": 18, "price": 0, "versions": "1.1", "tip": "lib", "display": 0, "id": 2, "author": "\u5b9d\u5854", "date": "2017-09-16", "home": "http://www.bt.cn/bbs", "type": "\u6269\u5c55", "checks": "/www/server/panel/plugin/upyun"}, {"sort": 11, "ps": "\u5c06\u7f51\u7ad9\u6216\u6570\u636e\u5e93\u6253\u5305\u5907\u4efd\u5230FTP\u5b58\u50a8\u7a7a\u95f4.", "shell": "ftp.sh", "name": "ftp", "title": "FTP\u5b58\u50a8\u7a7a\u95f4", "default": false, "tip": "lib", "price": 0, "versions": "1.6", "pid": 10, "display": 1, "id": 2, "author": "\u5b9d\u5854", "date": "2017-02-03", "home": "http://www.bt.cn/bbs", "type": "\u8ba1\u5212\u4efb\u52a1", "checks": "/www/server/panel/plugin/ftp"}, {"sort": 12, "ps": "\u7533\u8bf7\u5185\u6d4b\u8d44\u683c\uff0c\u5ba1\u6838\u5b8c\u6210\u540e\u5c06\u4f1a\u83b7\u5f97\u5185\u6d4b\u7248\u672c\u66f4\u65b0\u63a8\u9001\uff0c\u5e76\u53ef\u5728\u5b9d\u5854\u8bba\u575b\u5185\u6d4b\u4e13\u7528\u7248\u5757\u53c2\u4e0e\u8ba8\u8bba", "shell": "beta.sh", "name": "beta", "title": "\u7533\u8bf7\u5185\u6d4b", "default": false, "tip": "lib", "price": 0, "versions": "1.2", "pid": 11, "display": 1, "id": 3, "author": "\u5b9d\u5854", "date": "2017-02-01", "home": "http://www.bt.cn/bbs/thread-1392-1-1.html", "type": "\u5176\u5b83", "checks": "/www/server/panel/data/beta.pl,/www/server/panel/plugin/beta/config.conf"}, {"sort": 13, "ps": "\u76d1\u63a7PHP-FPM\u8fd0\u884c\u72b6\u6001\uff0c\u9632\u6b62\u5927\u6279\u91cf\u51fa\u73b0502\u9519\u8bef!", "shell": "phpguard.sh", "name": "phpguard", "title": "PHP\u5b88\u62a4", "default": false, "tip": "lib", "price": 0, "versions": "1.2", "pid": 12, "display": 1, "id": 3, "author": "\u5b9d\u5854", "date": "2017-02-01", "home": "http://www.bt.cn/bbs", "type": "\u5176\u5b83", "checks": "/www/server/panel/data/502Task.pl,/www/server/panel/plugin/phpguard"}, {"sort": 14, "ps": "\u6d4b\u8bd5\u670d\u52a1\u5668\u57fa\u7840\u6027\u80fd!", "shell": "score.sh", "name": "score", "title": "\u5b9d\u5854\u8dd1\u5206", "default": false, "tip": "lib", "price": 0, "versions": "1.3", "pid": 13, "display": 1, "id": 3, "author": "\u5b9d\u5854", "date": "2017-05-10", "home": "http://www.bt.cn/bbs", "type": "\u5176\u5b83", "checks": "/www/server/panel/plugin/score"}, {"sort": 15, "ps": "Linux\u7cfb\u7edf\u5de5\u5177\uff0c\u914d\u7f6eDNS\u3001Swap\u3001\u65f6\u533a\u3001IP\u914d\u7f6e\u3001\u5185\u5b58\u76d8!", "shell": "linuxsys.sh", "name": "linuxsys", "title": "Linux\u5de5\u5177\u7bb1", "default": false, "tip": "lib", "price": 0, "versions": "1.4", "pid": 14, "display": 1, "id": 2, "author": "\u5b9d\u5854", "date": "2018-01-22", "home": "http://www.bt.cn/bbs", "type": "\u7cfb\u7edf\u5de5\u5177", "checks": "/www/server/panel/plugin/linuxsys"}, {"sort": 16, "ps": "Redis \u662f\u4e00\u4e2a\u9ad8\u6027\u80fd\u7684key-value\u6570\u636e\u5e93(\u8981\u4f7f\u7528PHP\u8fde\u63a5redis\uff0c\u9700\u5728PHP\u8bbe\u7f6e\u4e2d\u5b89\u88c5redis\u6269\u5c55)", "shell": "redis_soft.sh", "name": "redis", "title": "Redis", "default": false, "tip": "soft", "price": 0, "versions": "4.0", "pid": 15, "update": "4.0.9", "display": 0, "id": 1, "author": "redis", "date": "2017-06-21", "home": "https://redis.io", "type": "\u901a\u7528\u7f13\u5b58\u5668", "checks": "/www/server/redis/runtest"}, {"sort": 17, "ps": "Memcached \u662f\u4e00\u4e2a\u9ad8\u6027\u80fd\u7684\u5206\u5e03\u5f0f\u5185\u5b58\u5bf9\u8c61\u7f13\u5b58\u7cfb\u7edf", "shell": "memcached_soft.sh", "name": "memcached", "title": "Memcached", "default": false, "tip": "soft", "price": 0, "versions": "1.5", "pid": 16, "update": "1.5.6", "display": 1, "id": 1, "author": "Memcached", "date": "2017-06-21", "home": "http://memcached.org/", "type": "\u901a\u7528\u7f13\u5b58\u5668", "checks": "/usr/local/memcached/bin/memcached"}, {"sort": 18, "ps": "WebHook\uff0c\u53ef\u8bbe\u7f6e\u56de\u8c03\u811a\u672c\uff0c\u901a\u5e38\u7528\u4e8e\u7b2c\u4e09\u65b9\u56de\u8c03\u901a\u77e5!", "shell": "webhook.sh", "name": "webhook", "title": "\u5b9d\u5854WebHook", "default": false, "tip": "lib", "price": 0, "versions": "1.0", "pid": 17, "display": 0, "id": 3, "author": "\u5b9d\u5854", "date": "2017-07-12", "home": "https://www.bt.cn/bbs", "type": "\u6269\u5c55", "checks": "/www/server/panel/plugin/webhook"}, {"sort": 19, "ps": "GitLab\u4e2d\u6587\u793e\u533a\u7248\uff0c\u5f53\u524d\u53ea\u652f\u6301Centos6/7 64\u4f4d\u7cfb\u7edf\uff0c\u5185\u5b58\u5c0f\u4e8e2GB\u7684\u673a\u5668\u8bf7\u52ff\u5b89\u88c5!", "shell": "gitlab.sh", "name": "gitlab", "title": "GitLab", "default": false, "tip": "soft", "price": 0, "versions": "8.8.5", "pid": 19, "display": 0, "id": 1, "author": "\u5b9d\u5854", "date": "2017-08-07", "home": "http://www.bt.cn/bbs", "type": "\u901a\u7528\u8f6f\u4ef6", "checks": "/opt/gitlab/embedded/service/gitlab-rails/Gemfile"}, {"sort": 20, "ps": "\u5feb\u901f\u8fc1\u79fb\u9762\u677f\u6570\u636e!", "shell": "psync.sh", "name": "psync", "title": "\u5b9d\u5854\u4e00\u952e\u8fc1\u79fb", "default": false, "tip": "lib", "price": 0, "versions": "2.0", "pid": 20, "display": 0, "id": 3, "author": "\u5b9d\u5854", "date": "2017-08-16", "home": "http://www.bt.cn/bbs", "type": "\u7cfb\u7edf\u5de5\u5177", "checks": "/www/server/panel/plugin/psync/psync_main.py"}, {"sort": 6, "ps": "node.js\u7ba1\u7406\u5668\uff0c\u5185\u7f6e node.js + npm + nvm + pm2.!", "shell": "pm2.sh", "name": "pm2", "title": "PM2\u7ba1\u7406\u5668", "default": false, "tip": "soft", "price": 0, "versions": "2.6.1", "pid": 21, "display": 0, "id": 1, "author": "\u5b9d\u5854", "date": "2017-09-12", "home": "http://www.bt.cn/bbs", "type": "\u96c6\u6210\u73af\u5883", "checks": "/www/server/panel/plugin/pm2/pm2_main.py"}, {"sort": 21, "ps": "\u5c06\u7f51\u7ad9\u6216\u6570\u636e\u5e93\u6253\u5305\u5907\u4efd\u5230\u4e03\u725b\u5bf9\u8c61\u5b58\u50a8\u7a7a\u95f4,\u4e03\u725b\u63d0\u4f9b10GB\u514d\u8d39\u5b58\u50a8\u7a7a\u95f4, <a class='btlink' href='https://portal.qiniu.com/signup/choice?sales_email=fubin@qiniu.com' target='_blank'>[\u70b9\u51fb\u7533\u8bf7]</a>", "shell": "qiniu.sh", "name": "qiniu", "title": "\u4e03\u725b\u4e91\u5b58\u50a8", "default": false, "tip": "lib", "price": 0, "versions": "1.5", "pid": 22, "display": 0, "id": 2, "author": "\u5b9d\u5854", "date": "2017-02-01", "home": "http://www.bt.cn/bbs/thread-839-1-1.html", "type": "\u8ba1\u5212\u4efb\u52a1", "checks": "/usr/lib/python2.6/site-packages/qiniu/auth.py,/usr/local/lib/python2.6/dist-packages/qiniu/auth.py,/usr/lib/python2.7/site-packages/qiniu/auth.py,/usr/local/lib/python2.7/dist-packages/qiniu/auth.py"}, {"sort": 22, "ps": "\u5c06\u7f51\u7ad9\u6216\u6570\u636e\u5e93\u6253\u5305\u5907\u4efd\u5230\u963f\u91cc\u4e91OSS\u5bf9\u8c61\u5b58\u50a8\u7a7a\u95f4, <a class='btlink' href='https://www.aliyun.com/product/oss?spm=5176.8142029.388261.46.psCRgl' target='_blank'>[\u70b9\u51fb\u7533\u8bf7]</a>", "shell": "alioss.sh", "name": "alioss", "title": "\u963f\u91cc\u4e91OSS", "default": false, "tip": "lib", "price": 0, "versions": "1.2", "pid": 23, "display": 0, "id": 2, "author": "\u5b9d\u5854", "date": "2017-02-02", "home": "http://www.bt.cn/bbs/thread-1061-1-1.html", "type": "\u8ba1\u5212\u4efb\u52a1", "checks": "/usr/lib/python2.6/site-packages/oss2/auth.py,/usr/local/lib/python2.6/dist-packages/oss2/auth.py,/usr/lib/python2.7/site-packages/oss2/auth.py,/usr/local/lib/python2.7/dist-packages/oss2/auth.py"}, {"sort": 0, "ps": "\u5c06\u7f51\u7ad9\u6216\u6570\u636e\u5e93\u6253\u5305\u5907\u4efd\u5230\u817e\u8baf\u4e91COS\u5bf9\u8c61\u5b58\u50a8\u7a7a\u95f4", "shell": "txcos.sh", "name": "txcos", "title": "\u817e\u8baf\u4e91COS", "default": false, "pid": 33, "price": 0, "versions": "1.1", "tip": "lib", "id": 2, "display": 0, "author": "\u5b9d\u5854", "date": "2018-09-12", "home": "http://www.bt.cn/bbs", "type": "\u5b9d\u5854\u63d2\u4ef6", "checks": "/www/server/panel/plugin/txcos/txcos_main.py"}, {"sort": 23, "ps": "Docker \u662f\u4e00\u4e2a\u5f00\u6e90\u7684\u5e94\u7528\u5bb9\u5668\u5f15\u64ce(\u76ee\u524d\u4ec5\u652f\u6301Centos,\u4e0d\u652f\u6301OpenVZ\u5e73\u53f0)", "shell": "docker.sh", "name": "docker", "title": "Docker\u7ba1\u7406\u5668(\u6d4b\u8bd5\u7248)", "default": false, "pid": 24, "price": 0, "versions": "1.0", "tip": "soft", "id": 1, "display": 0, "author": "\u5b9d\u5854", "date": "2017-10-25", "home": "http://www.bt.cn/bbs", "type": "\u6269\u5c55", "checks": "/www/server/panel/plugin/docker"}, {"sort": 26, "ps": "\u57fa\u4e8e\u5206\u5e03\u5f0f\u6587\u4ef6\u5b58\u50a8\u7684\u6570\u636e\u5e93\uff0c\u65e8\u5728\u4e3aWEB\u5e94\u7528\u63d0\u4f9b\u53ef\u6269\u5c55\u7684\u9ad8\u6027\u80fd\u6570\u636e\u5b58\u50a8\u89e3\u51b3\u65b9\u6848!", "shell": "rsync.sh", "name": "mongodb", "title": "MongoDB", "default": false, "pid": 27, "price": 0, "versions": "3.6.3", "tip": "soft", "id": 1, "display": 0, "author": "\u5b9d\u5854", "date": "2018-02-28", "home": "http://www.bt.cn/bbs", "type": "\u6570\u636e\u5e93", "checks": "/www/server/panel/plugin/mongodb"}]